JD,technology,art,science,business
JD2,technology,communication,education,iujbef,biuvbiuy,law
JD3,technology,computer,iujbef,biuvbiuy,law
JD5,computer
56,art
5,art
JD7,culture,art,lol,computer,test,iujbef
VOTING WORKS!!!,politics,computer,lol,test,commuication,law
oiufgn,dfgf,dfgdf,dfgdfg
jgjgfj,gjghj,ghjghjh,ghjghjgh,jjh
Web UI testing 1,Webdevelopment,Python,HTML,CSS,Javascript
Web UI testing 2,technology,art,science,law
Web UI testing 3,computer,lol,test
Web UI testing 3,computer,lol,test
tgjhfjfh,hjkfghjkgh
hjlgjlghk,gghkghkghk,hkghkghjkfh,ghkghkghgh,kghkghkghk
ftjgfujgj,technology,art,computer,lol
ftjgfujgj,technology,art,computer,lol
drhdfh,dfhdh,fghdfhdfh,dfhdfhdf
web,fgg,dfg,dfg,dfg
web,fgg,dfg,dfg,dfg
gjfgj,gjfgjfgj,fgjfg,jfg,j,fgj,fg,j
gjfgj,gjfgjfgj,fgjfg,jfg,j,fgj,fg,j
rtjhrtj,fgjfgjfgj
hkghk,ghkghkgh
uujf,jfjghjgh
ghkghk,ghkghkgh
yjjf,gfgjf
hdf,hdfhd
rgjh,fgj
,
