technology, Software Engineer, Cybersecurity Analyst, Data Scientist, IT Project Manager
art, Graphic Designer, Illustrator, UI/UX Designer, Animator
science, Biologist, Chemist, Physicist, Environmental Scientist
business, Financial Analyst, Marketing Manager, Accountant, Entrepreneur
communication, Journalist, Technical Writer, Public Relations Specialist, Content Strategist
health, Doctor, Nurse, Pharmacist, Physical Therapist
education, Teacher, School Counselor, Curriculum Developer, Educational Technologist
law, Lawyer, Paralegal, Policy Analyst, Lobbyist
environment, Wildlife Biologist, Conservation Scientist, Forester, Marine Biologist
sports, Athletic Trainer, Coach, Physical Education Teacher, Sports Psychologist
engineering, Mechanical Engineer, Civil Engineer, Electrical Engineer, Aerospace Engineer
social services, Social Worker, Therapist, Rehabilitation Counselor, Community Outreach Coordinator
culture, Travel Agent, Flight Attendant, Tour Guide, Cultural Affairs Officer
